{"cameraMode":{"drawMode":0,"name":"Shaded","section":"Shading Mode"},"sceneLighting":true,"audioPlay":false,"sceneViewState":{"m_AlwaysRefresh":false,"showFog":true,"showSkybox":true,"showFlares":true,"showImageEffects":true,"showParticleSystems":true,"showVisualEffectGraphs":true,"m_FxEnabled":true},"in2DMode":false,"pivot":{"x":-0.9442510604858398,"y":-2.4429099559783937,"z":1.7298412322998047},"rotation":{"x":0.10611692816019058,"y":0.886741578578949,"z":-0.2528826594352722,"w":0.37208783626556399},"size":11.041385650634766,"orthographic":false}